{
  "$schema": "./node_modules/@angular/cli/lib/config/schema.json",
  "project": {
    "name": "uniportal"
  },
  "apps": [
    {
      "root": "src/client",
      "outDir": "dist",
      "assets": [
        "assets",
        "favicon.ico"
      ],
      "index": "index.html",
      "main": "main.ts",
      "polyfills": "polyfills.ts",
      "test": "test.ts",
      "tsconfig": "tsconfig.app.json",
      "testTsconfig": "tsconfig.spec.json",
      "prefix": "",
      "styles": [
        "styles.scss",
        "css/config.less",
        "css/common.less",
        "css/bootstrap-table.less",
        "css/index.css"
      ],
      "scripts": [
        "../../node_modules/jquery/dist/jquery.min.js",
        "../../node_modules/jquery-form/dist/jquery.form.min.js",
        "../../node_modules/underscore/underscore-min.js",
        "../../node_modules/bootstrap/dist/js/bootstrap.min.js",
        "../../node_modules/bootstrap-table/dist/bootstrap-table.min.js",
        "../../node_modules/bootstrap-table/dist/bootstrap-table-locale-all.min.js",
        "../../node_modules/d3/d3.min.js",
        "../../node_modules/echarts/dist/echarts.js",
        "../../node_modules/bootstrap-select/dist/js/bootstrap-select.min.js",
        "./assets/libs/date_time/WdatePicker.js",
        "./assets/libs/date_time/calendar.js",
        "./assets/libs/jtopo/jtopo.js",
        "./browserValidation.js"
      ],
      "environmentSource": "environments/environment.ts",
      "environments": {
        "dev": "environments/environment.ts",
        "prod": "environments/environment.prod.ts"
      }
    }
  ],
  "e2e": {
    "protractor": {
      "config": "./protractor.conf.js"
    }
  },
  "lint": [
    {
      "project": "src/client/tsconfig.app.json"
    },
    {
      "project": "src/client/tsconfig.spec.json"
    },
    {
      "project": "e2e/client/tsconfig.e2e.json"
    }
  ],
  "test": {
    "karma": {
      "config": "./karma.conf.js"
    }
  },
  "defaults": {
    "styleExt": "scss",
    "component": {},
    "serve": {
      "host": "0.0.0.0",
      "port": 5555
    }
  }
}
